frame_index,timestamp_sec,foot_x,foot_y,nose_y,airborne,selected_takeoff,selected_landing
0,0.000,0.39854685962200165,0.7038913369178772,0.6727685332298279,0,0,0
1,0.033,0.39770977199077606,0.7046396434307098,0.5948276519775391,0,0,0
2,0.067,0.39704327285289764,0.7051718831062317,0.5736406445503235,0,0,0
3,0.100,0.39699243009090424,0.7065328359603882,0.5716072916984558,0,0,0
4,0.133,0.39703772962093353,0.7072614133358002,0.5716986060142517,0,0,0
5,0.167,0.39715243875980377,0.7068999111652374,0.5732267498970032,0,0,0
6,0.200,0.39708952605724335,0.7073861062526703,0.5718844532966614,0,0,0
7,0.233,0.3971724808216095,0.7076213955879211,0.570353627204895,0,0,0
8,0.267,0.3971946984529495,0.7086259722709656,0.5696352124214172,0,0,0
9,0.300,0.3971468359231949,0.7083910405635834,0.5679888129234314,0,0,0
10,0.333,0.3970145136117935,0.708406537771225,0.567388117313385,0,0,0
11,0.367,0.3969949930906296,0.7072736322879791,0.5673250555992126,0,0,0
12,0.400,0.39704960584640503,0.7073008716106415,0.566210150718689,0,0,0
13,0.433,0.3970085084438324,0.7063058316707611,0.5667747855186462,0,0,0
14,0.467,0.39697444438934326,0.7048853635787964,0.5662204623222351,0,0,0
15,0.500,0.3969789296388626,0.7049908638000488,0.5658099055290222,0,0,0
16,0.533,0.3970114141702652,0.7050434947013855,0.5646288990974426,0,0,0
17,0.567,0.3970359265804291,0.7063843607902527,0.5643084645271301,0,0,0
18,0.600,0.3969462960958481,0.7061847746372223,0.5638436079025269,0,0,0
19,0.633,0.39659853279590607,0.7062921226024628,0.5631828308105469,0,0,0
20,0.667,0.3965916335582733,0.7042107880115509,0.5640481114387512,0,0,0
21,0.700,0.3964366018772125,0.7038180530071259,0.5650313496589661,0,0,0
22,0.733,0.3963643014431,0.7036855518817902,0.5623877048492432,0,0,0
23,0.767,0.39605703949928284,0.7025976181030273,0.5610175728797913,0,0,0
24,0.800,0.39584212005138397,0.7030899822711945,0.5590072870254517,0,0,0
25,0.833,0.3957277685403824,0.7019129395484924,0.558517336845398,0,0,0
26,0.867,0.3956384211778641,0.7017607688903809,0.5590360760688782,0,0,0
27,0.900,0.3955211639404297,0.7027067244052887,0.5587679743766785,0,0,0
28,0.933,0.39544062316417694,0.7013503611087799,0.5570279359817505,0,0,0
29,0.967,0.3954054117202759,0.6994118392467499,0.5567595362663269,0,0,0
30,1.000,0.3952031433582306,0.6989831030368805,0.55682772397995,0,0,0
31,1.033,0.395133376121521,0.6986566781997681,0.5566794872283936,0,0,0
32,1.067,0.39492012560367584,0.6992818713188171,0.5565765500068665,0,0,0
33,1.100,0.3945859521627426,0.7009677588939667,0.5558850765228271,0,0,0
34,1.133,0.3941704034805298,0.7018721997737885,0.5546277165412903,0,0,0
35,1.167,0.3939587324857712,0.7012496590614319,0.5550904870033264,0,0,0
36,1.200,0.3938038945198059,0.6979310512542725,0.5549406409263611,0,0,0
37,1.233,0.3938972055912018,0.696085512638092,0.5547110438346863,0,0,0
38,1.267,0.39385490119457245,0.6947226524353027,0.5540125966072083,0,0,0
39,1.300,0.394772931933403,0.6933728456497192,0.553320586681366,0,0,0
40,1.333,0.3948579281568527,0.6938579976558685,0.5531301498413086,0,0,0
41,1.367,0.3957991600036621,0.6907495856285095,0.5525981187820435,0,0,0
42,1.400,0.39895009994506836,0.6882851123809814,0.5523953437805176,0,0,0
43,1.433,0.39800265431404114,0.6903862357139587,0.5520623922348022,0,0,0
44,1.467,0.3965758979320526,0.6926438510417938,0.5518901348114014,0,0,0
45,1.500,0.3963456153869629,0.6936716139316559,0.5518842339515686,0,0,0
46,1.533,0.3961118310689926,0.6929512023925781,0.5518727898597717,0,0,0
47,1.567,0.39636319875717163,0.6919041574001312,0.5519348978996277,0,0,0
48,1.600,0.3968000113964081,0.6910406351089478,0.5519803762435913,0,0,0
49,1.633,0.39644597470760345,0.690982848405838,0.5519700646400452,0,0,0
50,1.667,0.3963143676519394,0.6928722560405731,0.5519485473632812,0,0,0
51,1.700,0.39935508370399475,0.689757227897644,0.5519676208496094,0,0,0
52,1.733,0.4000335931777954,0.6884172558784485,0.5519707798957825,0,0,0
53,1.767,0.3991701900959015,0.6897430419921875,0.5519803762435913,0,0,0
54,1.800,0.39934611320495605,0.687917023897171,0.5519854426383972,0,0,0
55,1.833,0.40007106959819794,0.6864379942417145,0.552058219909668,0,0,0
56,1.867,0.3994283080101013,0.6895530819892883,0.5520398020744324,0,0,0
57,1.900,0.39986373484134674,0.6893668174743652,0.5520755648612976,0,0,0
58,1.933,0.3970763683319092,0.6919761300086975,0.5520790219306946,0,0,0
59,1.967,0.3963223248720169,0.6957728862762451,0.5512843132019043,0,0,0
60,2.000,0.39619557559490204,0.6952627301216125,0.5513060092926025,0,0,0
61,2.033,0.39606262743473053,0.6975513398647308,0.5503374934196472,0,0,0
62,2.067,0.3959987610578537,0.7004634439945221,0.5499020218849182,0,0,0
63,2.100,0.3960946649312973,0.7007091641426086,0.5493909120559692,0,0,0
64,2.133,0.3961769789457321,0.7006308734416962,0.5474967956542969,0,0,0
65,2.167,0.3958834409713745,0.7000983655452728,0.5471594929695129,0,0,0
66,2.200,0.39589737355709076,0.7013494074344635,0.547101616859436,0,0,0
67,2.233,0.3956982493400574,0.7026233077049255,0.5462619066238403,0,0,0
68,2.267,0.3956059366464615,0.7015346884727478,0.5457548499107361,0,0,0
69,2.300,0.3955470472574234,0.7018311023712158,0.5453976392745972,0,0,0
70,2.333,0.3954959362745285,0.7014755606651306,0.5447055101394653,0,0,0
71,2.367,0.39550359547138214,0.7038170695304871,0.5440106391906738,0,0,0
72,2.400,0.3952866494655609,0.704298734664917,0.543501615524292,0,0,0
73,2.433,0.39499297738075256,0.7063245475292206,0.5424705147743225,0,0,0
74,2.467,0.39480747282505035,0.7058948874473572,0.5424550771713257,0,0,0
75,2.500,0.3946130573749542,0.7052372395992279,0.5420041680335999,0,0,0
76,2.533,0.39433370530605316,0.7058960199356079,0.541431188583374,0,0,0
77,2.567,0.3941649794578552,0.7054791748523712,0.5405169129371643,0,0,0
78,2.600,0.394014909863472,0.7047947347164154,0.5393118858337402,0,0,0
79,2.633,0.3935472220182419,0.7047207653522491,0.5384026169776917,0,0,0
80,2.667,0.39317283034324646,0.7042042016983032,0.5379742980003357,0,0,0
81,2.700,0.39296363294124603,0.705095499753952,0.5381253957748413,0,0,0
82,2.733,0.3928711265325546,0.7060437500476837,0.5377253293991089,0,0,0
83,2.767,0.39284369349479675,0.7053658366203308,0.5370741486549377,0,0,0
84,2.800,0.3927381783723831,0.7052680552005768,0.5364185571670532,0,0,0
85,2.833,0.39261993765830994,0.7046897709369659,0.535952091217041,0,0,0
86,2.867,0.3925713300704956,0.704784095287323,0.5354174375534058,0,0,0
87,2.900,0.39246782660484314,0.7047146856784821,0.5346025824546814,0,0,0
88,2.933,0.3923778384923935,0.703381210565567,0.5341184735298157,0,0,0
89,2.967,0.3921792507171631,0.7034648656845093,0.533461332321167,0,0,0
90,3.000,0.3921041190624237,0.7036648392677307,0.53326416015625,0,0,0
91,3.033,0.3916728049516678,0.7022914290428162,0.532559335231781,0,0,0
92,3.067,0.3915175199508667,0.702085942029953,0.531873881816864,0,0,0
93,3.100,0.39131495356559753,0.6996152102947235,0.5320736765861511,0,0,0
94,3.133,0.3911239206790924,0.6996614634990692,0.5310339331626892,0,0,0
95,3.167,0.39088380336761475,0.6983604431152344,0.530499279499054,0,0,0
96,3.200,0.39085572957992554,0.696635514497757,0.5300928354263306,0,0,0
97,3.233,0.3907777965068817,0.6946753263473511,0.529167890548706,0,0,0
98,3.267,0.39036406576633453,0.6938295066356659,0.5289448499679565,0,0,0
99,3.300,0.3902019262313843,0.6936520636081696,0.5274568796157837,0,0,0
100,3.333,0.39016713201999664,0.6950572729110718,0.5270119309425354,0,0,0
101,3.367,0.38975997269153595,0.6950962245464325,0.5264469981193542,0,0,0
102,3.400,0.3896171301603317,0.6955333948135376,0.5259959697723389,0,0,0
103,3.433,0.38936467468738556,0.6963280141353607,0.5263291001319885,0,0,0
104,3.467,0.38952183723449707,0.6972160935401917,0.5262846946716309,0,0,0
105,3.500,0.38964328169822693,0.6977894008159637,0.5261437296867371,0,0,0
106,3.533,0.3897678405046463,0.6986647546291351,0.5259070992469788,0,0,0
107,3.567,0.39104393124580383,0.6984265148639679,0.5253025889396667,0,0,0
108,3.600,0.3936265558004379,0.6957844495773315,0.5251500010490417,0,0,0
109,3.633,0.39194266498088837,0.6967763304710388,0.5249468088150024,0,0,0
110,3.667,0.39138078689575195,0.6923360824584961,0.5244751572608948,0,0,0
111,3.700,0.39162056148052216,0.6892876923084259,0.5243369936943054,0,0,0
112,3.733,0.39122073352336884,0.6866318881511688,0.5240963697433472,0,0,0
113,3.767,0.39062508940696716,0.685874879360199,0.5232886672019958,0,0,0
114,3.800,0.3899638056755066,0.6872653663158417,0.5233259201049805,0,0,0
115,3.833,0.3894728422164917,0.6845687925815582,0.523240864276886,0,0,0
116,3.867,0.38759346306324005,0.6838580369949341,0.5244894623756409,0,0,0
117,3.900,0.38632461428642273,0.6868054568767548,0.5243183970451355,0,0,0
118,3.933,0.38780441880226135,0.6861869692802429,0.5242877006530762,0,0,0
119,3.967,0.3863304704427719,0.6881307363510132,0.5242787003517151,0,0,0
120,4.000,0.3870038390159607,0.6861400902271271,0.5245851278305054,0,0,0
121,4.033,0.38665103912353516,0.6862624287605286,0.5246358513832092,0,0,0
122,4.067,0.38429249823093414,0.6882682144641876,0.5246439576148987,0,0,0
123,4.100,0.3832627087831497,0.6903302371501923,0.524511456489563,0,0,0
124,4.133,0.38338810205459595,0.6913993060588837,0.5246210098266602,0,0,0
125,4.167,0.38269634544849396,0.692870169878006,0.52461838722229,0,0,0
126,4.200,0.38243821263313293,0.6934125423431396,0.5248604416847229,0,0,0
127,4.233,0.3821229189634323,0.6946544647216797,0.5247638821601868,0,0,0
128,4.267,0.38170912861824036,0.6950470209121704,0.5245237946510315,0,0,0
129,4.300,0.381454274058342,0.6953198909759521,0.5244649052619934,0,0,0
130,4.333,0.3815108686685562,0.6959101557731628,0.5238437056541443,0,0,0
131,4.367,0.3815252482891083,0.6970030963420868,0.5222131609916687,0,0,0
132,4.400,0.3816070556640625,0.6978223025798798,0.5215123295783997,0,0,0
133,4.433,0.3815372884273529,0.6992795765399933,0.5206230878829956,0,0,0
134,4.467,0.3812478929758072,0.7010106146335602,0.5196094512939453,0,0,0
135,4.500,0.38132861256599426,0.6992596685886383,0.5182804465293884,0,0,0
136,4.533,0.38135965168476105,0.6988837718963623,0.5175443291664124,0,0,0
137,4.567,0.38144415616989136,0.6997597217559814,0.5157051682472229,0,0,0
138,4.600,0.38145148754119873,0.7010782063007355,0.5144153833389282,0,0,0
139,4.633,0.3815412074327469,0.7000350952148438,0.5125345587730408,0,0,0
140,4.667,0.381726399064064,0.7002850472927094,0.5119528770446777,0,0,0
141,4.700,0.3818659782409668,0.7011259198188782,0.5114143490791321,0,0,0
142,4.733,0.38190048933029175,0.6998241543769836,0.510431706905365,0,0,0
143,4.767,0.3819824755191803,0.700213760137558,0.5096007585525513,0,0,0
144,4.800,0.3819698542356491,0.7000725567340851,0.5085171461105347,0,0,0
145,4.833,0.381962314248085,0.7003941237926483,0.5084174275398254,0,0,0
146,4.867,0.38191647827625275,0.6995402574539185,0.5075618624687195,0,0,0
147,4.900,0.38209259510040283,0.6979954242706299,0.5058126449584961,0,0,0
148,4.933,0.3821944445371628,0.6953839659690857,0.5045629143714905,0,0,0
149,4.967,0.38227586448192596,0.6963032484054565,0.5038454532623291,0,0,0
150,5.000,0.38240207731723785,0.6955573260784149,0.5022901296615601,0,0,0
151,5.033,0.3824785500764847,0.6959742307662964,0.5012500882148743,0,0,0
152,5.067,0.38263610005378723,0.6960322558879852,0.5010932087898254,0,0,0
153,5.100,0.3827730864286423,0.6954568028450012,0.49911952018737793,0,0,0
154,5.133,0.38270045816898346,0.6943868398666382,0.4993396997451782,0,0,0
155,5.167,0.38294726610183716,0.6930291950702667,0.4988754689693451,0,0,0
156,5.200,0.3832598328590393,0.6919791996479034,0.4974616765975952,0,0,0
157,5.233,0.38373930752277374,0.6914590895175934,0.49622994661331177,0,0,0
158,5.267,0.38411423563957214,0.6893905997276306,0.4952968955039978,0,0,0
159,5.300,0.38423046469688416,0.6893109083175659,0.49426302313804626,0,0,0
160,5.333,0.38424696028232574,0.6894107162952423,0.4930175840854645,0,0,0
161,5.367,0.38426634669303894,0.6888052523136139,0.49200010299682617,0,0,0
162,5.400,0.3842974901199341,0.6870553493499756,0.4910234212875366,0,0,0
163,5.433,0.384207546710968,0.6874793767929077,0.490492582321167,0,0,0
164,5.467,0.3841255456209183,0.688320517539978,0.48976942896842957,0,0,0
165,5.500,0.3839840143918991,0.6892713606357574,0.4883921444416046,0,0,0
166,5.533,0.3839859366416931,0.6875099837779999,0.4879234731197357,0,0,0
167,5.567,0.3842932730913162,0.6856165528297424,0.4872379004955292,0,0,0
168,5.600,0.3852131962776184,0.680416464805603,0.4867294728755951,0,0,0
169,5.633,0.3853943794965744,0.68039470911026,0.4864549934864044,0,0,0
170,5.667,0.3861144632101059,0.6797677874565125,0.48581045866012573,0,0,0
171,5.700,0.3860837519168854,0.6827418804168701,0.48517948389053345,0,0,0
172,5.733,0.3866291344165802,0.6808222234249115,0.4848310649394989,0,0,0
173,5.767,0.3868177682161331,0.6794089078903198,0.4840925335884094,0,0,0
174,5.800,0.3885892629623413,0.677017331123352,0.48317939043045044,0,0,0
175,5.833,0.38883011043071747,0.6776638031005859,0.48279374837875366,0,0,0
176,5.867,0.389403373003006,0.6784972846508026,0.4826384484767914,0,0,0
177,5.900,0.3908512443304062,0.67886021733284,0.48218807578086853,0,0,0
178,5.933,0.3904344141483307,0.678917407989502,0.48235371708869934,0,0,0
179,5.967,0.3900245726108551,0.6790046393871307,0.4821102023124695,0,0,0
180,6.000,0.39006637036800385,0.678153783082962,0.481999933719635,0,0,0
181,6.033,0.39038996398448944,0.6796762943267822,0.481730192899704,0,0,0
182,6.067,0.3907810151576996,0.6803461313247681,0.48182159662246704,0,0,0
183,6.100,0.39126524329185486,0.6788371205329895,0.4818491041660309,0,0,0
184,6.133,0.39244234561920166,0.6778563261032104,0.48167380690574646,0,0,0
185,6.167,0.39250506460666656,0.6769137680530548,0.48136383295059204,0,0,0
186,6.200,0.3925751596689224,0.6759573519229889,0.4811665415763855,0,0,0
187,6.233,0.39252378046512604,0.6747299432754517,0.4812009334564209,0,0,0
188,6.267,0.3923083692789078,0.6754952073097229,0.48079586029052734,0,0,0
189,6.300,0.39220571517944336,0.6761153638362885,0.4807649850845337,0,0,0
190,6.333,0.39300261437892914,0.6740380227565765,0.48040324449539185,0,0,0
191,6.367,0.3942670375108719,0.6754069626331329,0.4803534150123596,0,0,0
192,6.400,0.3944992125034332,0.6756533682346344,0.4801146388053894,0,0,0
193,6.433,0.3936823606491089,0.6763846278190613,0.47958651185035706,0,0,0
194,6.467,0.3917109966278076,0.6774310171604156,0.47959646582603455,0,0,0
195,6.500,0.39131346344947815,0.6773287355899811,0.4795101583003998,0,0,0
196,6.533,0.39144423604011536,0.6771241128444672,0.4789269268512726,0,0,0
197,6.567,0.3916822373867035,0.6789407432079315,0.4785161316394806,0,0,0
198,6.600,0.39095909893512726,0.6804091930389404,0.47800129652023315,0,0,0
199,6.633,0.3893726170063019,0.6820047497749329,0.4769900143146515,0,0,0
200,6.667,0.38892798125743866,0.6825850605964661,0.47608867287635803,0,0,0
201,6.700,0.38925546407699585,0.6842631101608276,0.474724143743515,0,0,0
202,6.733,0.38946960866451263,0.6870907247066498,0.47271591424942017,0,0,0
203,6.767,0.38913820683956146,0.6882021725177765,0.4726030230522156,0,0,0
204,6.800,0.3892553895711899,0.6876822113990784,0.47219496965408325,0,0,0
205,6.833,0.3890509307384491,0.6880423426628113,0.47158023715019226,0,0,0
206,6.867,0.38898590207099915,0.6889545023441315,0.4706457555294037,0,0,0
207,6.900,0.38878434896469116,0.6910137236118317,0.46958497166633606,0,0,0
208,6.933,0.388705849647522,0.6918669641017914,0.4668751060962677,0,0,0
209,6.967,0.3886950761079788,0.6931259334087372,0.4673115909099579,0,0,0
210,7.000,0.38867010176181793,0.6922960579395294,0.46613165736198425,0,0,0
211,7.033,0.38858045637607574,0.6927014887332916,0.4639129936695099,0,0,0
212,7.067,0.38849838078022003,0.6928693652153015,0.4625054597854614,0,0,0
213,7.100,0.38840945065021515,0.6925897598266602,0.46112900972366333,0,0,0
214,7.133,0.3883245289325714,0.6925965249538422,0.46149393916130066,0,0,0
215,7.167,0.3881158232688904,0.6942539811134338,0.4606092572212219,0,0,0
216,7.200,0.38811053335666656,0.6939001381397247,0.45839032530784607,0,0,0
217,7.233,0.38794082403182983,0.6933380365371704,0.45689529180526733,0,0,0
218,7.267,0.3877742141485214,0.6935088336467743,0.45484694838523865,0,0,0
219,7.300,0.3877137303352356,0.6936784982681274,0.454786479473114,0,0,0
220,7.333,0.38750433921813965,0.6944249868392944,0.45336294174194336,0,0,0
221,7.367,0.38750745356082916,0.6943266689777374,0.4510432481765747,0,0,0
222,7.400,0.3876918852329254,0.693831592798233,0.4490915536880493,0,0,0
223,7.433,0.3877566009759903,0.693302720785141,0.44829118251800537,0,0,0
224,7.467,0.3876958191394806,0.6924386024475098,0.4484029710292816,0,0,0
225,7.500,0.3876015543937683,0.6907144784927368,0.4478433430194855,0,0,0
226,7.533,0.38749299943447113,0.6887247860431671,0.4462287425994873,0,0,0
227,7.567,0.387541800737381,0.6885888278484344,0.4454875886440277,0,0,0
228,7.600,0.38752152025699615,0.6859460771083832,0.44494307041168213,0,0,0
229,7.633,0.3875022530555725,0.6857910454273224,0.44465523958206177,0,0,0
230,7.667,0.3874512314796448,0.6836248636245728,0.4430416524410248,0,0,0
231,7.700,0.38728590309619904,0.6840905547142029,0.441969633102417,0,0,0
232,7.733,0.38729962706565857,0.6812446117401123,0.44131138920783997,0,0,0
233,7.767,0.3872915953397751,0.6792991459369659,0.43953728675842285,0,0,0
234,7.800,0.38730818033218384,0.6802977621555328,0.4385678172111511,0,0,0
235,7.833,0.38723477721214294,0.6796127557754517,0.4380686581134796,0,0,0
236,7.867,0.3869287222623825,0.6811241209506989,0.4363677501678467,0,0,0
237,7.900,0.38661882281303406,0.6814142167568207,0.43511390686035156,0,0,0
238,7.933,0.3863341063261032,0.6841378509998322,0.435071736574173,0,0,0
239,7.967,0.38609708845615387,0.6846165955066681,0.4342515766620636,0,0,0
240,8.000,0.3860512226819992,0.6835960447788239,0.4334981143474579,0,0,0
241,8.033,0.3851042836904526,0.684642493724823,0.4331538677215576,0,0,0
242,8.067,0.384912833571434,0.6847226321697235,0.4331952631473541,0,0,0
243,8.100,0.3849814683198929,0.6809633672237396,0.4332220256328583,0,0,0
244,8.133,0.3849683552980423,0.6841405630111694,0.431876003742218,0,0,0
245,8.167,0.385617658495903,0.6774140298366547,0.4313286542892456,0,0,0
246,8.200,0.3863697052001953,0.6756456792354584,0.4308702349662781,0,0,0
247,8.233,0.38650716841220856,0.6772311329841614,0.43089547753334045,0,0,0
248,8.267,0.3870481848716736,0.6758738160133362,0.42965343594551086,0,0,0
249,8.300,0.38653694093227386,0.6773648858070374,0.4298197329044342,0,0,0
250,8.333,0.38458384573459625,0.6771878004074097,0.4299977421760559,0,0,0
251,8.367,0.38446739315986633,0.6742384731769562,0.4301413297653198,0,0,0
252,8.400,0.3843718618154526,0.6737810671329498,0.4304324686527252,0,0,0
253,8.433,0.3828428089618683,0.6746358275413513,0.43050044775009155,0,0,0
254,8.467,0.3817961812019348,0.6728898882865906,0.4302578270435333,0,0,0
255,8.500,0.38150209188461304,0.6739573180675507,0.4296921491622925,0,0,0
256,8.533,0.379405677318573,0.6808656454086304,0.42920374870300293,0,0,0
257,8.567,0.37900814414024353,0.6805038452148438,0.42863932251930237,0,0,0
258,8.600,0.37943460047245026,0.681547224521637,0.42724132537841797,0,0,0
259,8.633,0.378952294588089,0.6813040673732758,0.42589008808135986,0,0,0
260,8.667,0.37818096578121185,0.684274822473526,0.42498308420181274,0,0,0
261,8.700,0.37851884961128235,0.6840567886829376,0.424643874168396,0,0,0
262,8.733,0.37879569828510284,0.6833259761333466,0.42340606451034546,0,0,0
263,8.767,0.3788502961397171,0.6826733350753784,0.4228227138519287,0,0,0
264,8.800,0.37891578674316406,0.6829872727394104,0.4219653308391571,0,0,0
265,8.833,0.3790469467639923,0.6843035519123077,0.4202081263065338,0,0,0
266,8.867,0.37914688885211945,0.6848737001419067,0.41938695311546326,0,0,0
267,8.900,0.3792654722929001,0.6889552175998688,0.41540616750717163,0,0,0
268,8.933,0.37917639315128326,0.691779226064682,0.4127819538116455,0,0,0
269,8.967,0.3791057914495468,0.6922702193260193,0.4130275249481201,0,0,0
270,9.000,0.3791407495737076,0.6919556856155396,0.4122219979763031,0,0,0
271,9.033,0.37921595573425293,0.6923590898513794,0.41090935468673706,0,0,0
272,9.067,0.37952980399131775,0.6933047771453857,0.4088507890701294,0,0,0
273,9.100,0.37989379465579987,0.6937986612319946,0.4075995981693268,0,0,0
274,9.133,0.3801773339509964,0.6938548982143402,0.4064893424510956,0,0,0
275,9.167,0.3803321123123169,0.6945015490055084,0.40405476093292236,0,0,0
276,9.200,0.3810110241174698,0.6927337050437927,0.40364760160446167,0,0,0
277,9.233,0.38106943666934967,0.6943258941173553,0.4022873044013977,0,0,0
278,9.267,0.38122667372226715,0.6953982412815094,0.40063661336898804,0,0,0
279,9.300,0.3812710642814636,0.6956236362457275,0.39986541867256165,0,0,0
280,9.333,0.38143518567085266,0.6939908266067505,0.3980589807033539,0,0,0
281,9.367,0.38146519660949707,0.6930786967277527,0.39506494998931885,0,0,0
282,9.400,0.38151252269744873,0.6918291449546814,0.39574646949768066,0,0,0
283,9.433,0.38150833547115326,0.6916843056678772,0.3916287422180176,0,0,0
284,9.467,0.38150887191295624,0.6919679343700409,0.3909444510936737,0,0,0
285,9.500,0.3815128058195114,0.6931136250495911,0.3878435790538788,0,0,0
286,9.533,0.3816588371992111,0.6907415688037872,0.38600775599479675,0,0,0
287,9.567,0.38176125288009644,0.6860029995441437,0.3855176270008087,0,0,0
288,9.600,0.3818312883377075,0.6861130595207214,0.3838931620121002,0,0,0
289,9.633,0.3820943385362625,0.6852402091026306,0.38305866718292236,0,0,0
290,9.667,0.38213159143924713,0.6822867691516876,0.3831261098384857,0,0,0
291,9.700,0.3821645677089691,0.6801973879337311,0.3826083242893219,0,0,0
292,9.733,0.3821723163127899,0.6786707043647766,0.38141968846321106,0,0,0
293,9.767,0.38259023427963257,0.6762222349643707,0.37964797019958496,0,0,0
294,9.800,0.3827178329229355,0.6750822961330414,0.3791762888431549,0,0,0
295,9.833,0.3827834874391556,0.6746906042098999,0.3788553774356842,0,0,0
296,9.867,0.3829898089170456,0.6742587089538574,0.3776325583457947,0,0,0
297,9.900,0.38297438621520996,0.6755356192588806,0.376830130815506,0,0,0
298,9.933,0.38320285081863403,0.6766787767410278,0.37552571296691895,0,0,0
299,9.967,0.38317929208278656,0.6764641404151917,0.3752914071083069,0,0,0
300,10.000,0.3831932842731476,0.6764138042926788,0.37460941076278687,0,0,0
301,10.033,0.3832505792379379,0.67747563123703,0.3737470805644989,0,0,0
302,10.067,0.38313643634319305,0.6783855855464935,0.37339335680007935,0,0,0
303,10.100,0.3831392824649811,0.6785482168197632,0.37237054109573364,0,0,0
304,10.133,0.38303573429584503,0.6740493178367615,0.37145209312438965,0,0,0
305,10.167,0.38298818469047546,0.674537718296051,0.37047499418258667,0,0,0
306,10.200,0.3829321265220642,0.6753684878349304,0.3697998523712158,0,0,0
307,10.233,0.3828594386577606,0.6750423610210419,0.3688768446445465,0,0,0
308,10.267,0.3827822208404541,0.6756178438663483,0.3682362735271454,0,0,0
309,10.300,0.3827994763851166,0.6751375198364258,0.36775630712509155,0,0,0
310,10.333,0.3834211677312851,0.676498144865036,0.3667629361152649,0,0,0
311,10.367,0.38347378373146057,0.6737947165966034,0.3663851022720337,0,0,0
312,10.400,0.3845621943473816,0.6789892315864563,0.36617252230644226,0,0,0
313,10.433,0.3847227990627289,0.6794239282608032,0.36601245403289795,0,0,0
314,10.467,0.3847658187150955,0.6813378632068634,0.3660098612308502,0,0,0
315,10.500,0.3848821818828583,0.6817980706691742,0.36549365520477295,0,0,0
316,10.533,0.3848479986190796,0.6835154891014099,0.36508557200431824,0,0,0
317,10.567,0.38493938744068146,0.6859204173088074,0.3644062876701355,0,0,0
318,10.600,0.38487575948238373,0.6910288035869598,0.3639324903488159,0,0,0
319,10.633,0.3846270591020584,0.6918535232543945,0.36236250400543213,0,0,0
320,10.667,0.38462111353874207,0.6924341022968292,0.3614843785762787,0,0,0
321,10.700,0.3847188502550125,0.6941137611865997,0.3612062335014343,0,0,0
322,10.733,0.384709894657135,0.6952599287033081,0.36095330119132996,0,0,0
323,10.767,0.3847719132900238,0.6970212459564209,0.35978344082832336,0,0,0
324,10.800,0.3848191201686859,0.6967078149318695,0.3595179319381714,0,0,0
325,10.833,0.38483579456806183,0.6992349624633789,0.3589031398296356,0,0,0
326,10.867,0.38489583134651184,0.7000215649604797,0.35768917202949524,0,0,0
327,10.900,0.38519106805324554,0.7025873363018036,0.35558179020881653,0,0,0
328,10.933,0.38523271679878235,0.7070736587047577,0.35236650705337524,0,0,0
329,10.967,0.38538943231105804,0.7043830156326294,0.35164976119995117,0,0,0
330,11.000,0.385433629155159,0.7068489491939545,0.3503260910511017,0,0,0
331,11.033,0.38546694815158844,0.7098663747310638,0.3485103249549866,0,0,0
332,11.067,0.3856828659772873,0.7091960310935974,0.34571099281311035,0,0,0
333,11.100,0.3858366906642914,0.7084915339946747,0.3440033197402954,0,0,0
334,11.133,0.38620994985103607,0.7095293700695038,0.3431776165962219,0,0,0
335,11.167,0.38647647202014923,0.7095110416412354,0.342632532119751,0,0,0
336,11.200,0.38650383055210114,0.7109852433204651,0.34025654196739197,0,0,0
337,11.233,0.38624459505081177,0.710020124912262,0.33922839164733887,0,0,0
338,11.267,0.3856845051050186,0.7093575894832611,0.33609122037887573,0,0,0
339,11.300,0.3856225162744522,0.7078642845153809,0.3356056213378906,0,0,0
340,11.333,0.3855495750904083,0.7069948017597198,0.33260905742645264,0,0,0
341,11.367,0.3855678290128708,0.7069245278835297,0.3329496383666992,0,0,0
342,11.400,0.3858266621828079,0.7046377658843994,0.32977294921875,0,0,0
343,11.433,0.386280357837677,0.7028851509094238,0.3286673426628113,0,0,0
344,11.467,0.38624483346939087,0.7033597826957703,0.3279140293598175,0,0,0
345,11.500,0.386331170797348,0.7032192051410675,0.32767045497894287,0,0,0
346,11.533,0.38680794835090637,0.7014395296573639,0.3259965777397156,0,0,0
347,11.567,0.3870769292116165,0.6996892690658569,0.3243127763271332,0,0,0
348,11.600,0.38731811940670013,0.6991435587406158,0.3235645890235901,0,0,0
349,11.633,0.3873906433582306,0.6980514526367188,0.32252779603004456,0,0,0
350,11.667,0.3869527727365494,0.6971116364002228,0.3199639916419983,0,0,0
351,11.700,0.3871036022901535,0.6984121799468994,0.3177148401737213,0,0,0
352,11.733,0.38710981607437134,0.6984430849552155,0.3155788779258728,0,0,0
353,11.767,0.3869228959083557,0.6982662975788116,0.31508126854896545,0,0,0
354,11.800,0.38692864775657654,0.6988618671894073,0.314706951379776,0,0,0
355,11.833,0.3868233859539032,0.7011705338954926,0.3136701285839081,0,0,0
356,11.867,0.3866579830646515,0.7035867273807526,0.3125331401824951,0,0,0
357,11.900,0.38675281405448914,0.701562225818634,0.3093372583389282,0,0,0
358,11.933,0.3864693343639374,0.7025127708911896,0.3068234622478485,0,0,0
359,11.967,0.38571852445602417,0.6946160197257996,0.30498233437538147,0,0,0
360,12.000,0.3857421875,0.6924089193344116,0.30372750759124756,0,0,0
361,12.033,0.3849019259214401,0.6875468492507935,0.2997181713581085,0,0,0
362,12.067,0.3837336301803589,0.6836549043655396,0.29651543498039246,0,0,0
363,12.100,0.3836377412080765,0.6727091372013092,0.2955482602119446,0,0,0
364,12.133,0.3841848224401474,0.6679260730743408,0.29481059312820435,0,0,0
365,12.167,0.38401027023792267,0.6654258370399475,0.29387015104293823,0,0,0
366,12.200,0.3830925524234772,0.6606167256832123,0.2909255623817444,0,0,0
367,12.233,0.38243696093559265,0.6566800773143768,0.288631409406662,0,0,0
368,12.267,0.38204140961170197,0.6568756401538849,0.2870805561542511,0,0,0
369,12.300,0.3819218724966049,0.6523784101009369,0.28352832794189453,0,0,0
370,12.333,0.3817184120416641,0.6518009305000305,0.2823680639266968,0,0,0
371,12.367,0.38149480521678925,0.6450631618499756,0.2784039378166199,0,0,0
372,12.400,0.38136161863803864,0.6438160240650177,0.27317240834236145,0,0,0
373,12.433,0.3814011365175247,0.640414297580719,0.27197176218032837,0,0,0
374,12.467,0.3791745901107788,0.6464644968509674,0.26865288615226746,0,0,0
375,12.500,0.3767576068639755,0.6435482501983643,0.26375842094421387,0,0,0
376,12.533,0.3767862766981125,0.6439563035964966,0.25914672017097473,0,0,0
377,12.567,0.37685635685920715,0.6453226804733276,0.2541206181049347,0,0,0
378,12.600,0.37677933275699615,0.6429413557052612,0.2540609538555145,0,0,0
379,12.633,0.3753926008939743,0.6454676985740662,0.24895842373371124,0,0,0
380,12.667,0.37478259205818176,0.6504265666007996,0.244581937789917,0,0,0
381,12.700,0.3736952245235443,0.649423211812973,0.23920099437236786,0,0,0
382,12.733,0.37318098545074463,0.6494172811508179,0.23222921788692474,0,0,0
383,12.767,0.37306635081768036,0.6499482989311218,0.23183661699295044,0,0,0
384,12.800,0.3727903664112091,0.6491614878177643,0.22686131298542023,0,0,0
385,12.833,0.3727167844772339,0.6481872498989105,0.22079382836818695,0,0,0
386,12.867,0.37246477603912354,0.6461206674575806,0.21454419195652008,0,0,0
387,12.900,0.3717849999666214,0.6404484808444977,0.20848311483860016,0,0,0
388,12.933,0.37180887162685394,0.6375402510166168,0.20880994200706482,0,0,0
389,12.967,0.3711342215538025,0.634214460849762,0.2025446891784668,0,0,0
390,13.000,0.37075966596603394,0.6310153901576996,0.19873441755771637,0,0,0
391,13.033,0.37073183059692383,0.6301310956478119,0.19118565320968628,0,0,0
392,13.067,0.37038128077983856,0.6261228621006012,0.18473798036575317,0,0,0
393,13.100,0.3704650402069092,0.6228651106357574,0.18172582983970642,0,0,0
394,13.133,0.3704465180635452,0.6180050373077393,0.17814353108406067,0,0,0
395,13.167,0.3701224625110626,0.6145513951778412,0.1747995913028717,0,0,0
396,13.200,0.3699563890695572,0.6041567623615265,0.16858771443367004,0,0,0
397,13.233,0.3696416914463043,0.6031698286533356,0.1625804454088211,0,0,0
398,13.267,0.36969561874866486,0.5982795655727386,0.15792234241962433,0,0,0
399,13.300,0.36974216997623444,0.5914266854524612,0.15354180335998535,0,0,0
400,13.333,0.36988697946071625,0.5853296220302582,0.14800499379634857,0,0,0
401,13.367,0.3697468936443329,0.5828654915094376,0.14218772947788239,0,0,0
402,13.400,0.3706473559141159,0.5733011364936829,0.13729771971702576,0,0,0
403,13.433,0.3719971030950546,0.5767381191253662,0.1343441605567932,0,0,0
404,13.467,0.3724934160709381,0.5729731470346451,0.12928472459316254,0,0,0
405,13.500,0.372626468539238,0.5640654563903809,0.12509961426258087,0,0,0
406,13.533,0.3728274703025818,0.5521343052387238,0.11887510865926743,0,0,0
407,13.567,0.373035192489624,0.5373311787843704,0.11292970925569534,0,0,0
408,13.600,0.37301400303840637,0.5356506854295731,0.1108098179101944,0,0,0
409,13.633,0.3743900656700134,0.5317310839891434,0.10528197884559631,0,0,0
410,13.667,0.3743688315153122,0.5174931436777115,0.09979335963726044,0,0,0
411,13.700,0.37318451702594757,0.51417076587677,0.09583324193954468,0,0,0
412,13.733,0.3732505142688751,0.5110730677843094,0.09118472039699554,0,0,0
413,13.767,0.372698038816452,0.5105528980493546,0.08948778361082077,0,0,0
414,13.800,0.3725922405719757,0.4977331757545471,0.08891768008470535,0,0,0
415,13.833,0.37171541154384613,0.48654425144195557,0.08436033874750137,0,0,0
416,13.867,0.37022003531455994,0.4780736118555069,0.0771336704492569,0,0,0
417,13.900,0.36864376068115234,0.470860093832016,0.07255963981151581,0,0,0
418,13.933,0.36651037633419037,0.4581355005502701,0.07207892835140228,0,0,0
419,13.967,0.3624541312456131,0.4498200863599777,0.06856740266084671,0,0,0
420,14.000,0.36279550194740295,0.37463340908288956,0.06328792870044708,0,0,0
421,14.033,0.36328577995300293,0.37332984060049057,0.05474124103784561,0,0,0
422,14.067,0.3607707768678665,0.3617941588163376,0.0483662411570549,0,0,0
423,14.100,0.3569352328777313,0.34758033603429794,0.0519263930618763,0,0,0
424,14.133,0.3587586283683777,0.3542586863040924,0.044192515313625336,0,0,0
425,14.167,0.3590306490659714,0.32228125259280205,0.04384095221757889,0,0,0
426,14.200,0.3593735545873642,0.32077743113040924,0.03899306803941727,0,0,0
427,14.233,0.35975055396556854,0.30903898924589157,0.03459664806723595,0,0,0
428,14.267,0.3595058023929596,0.30181413888931274,0.03136434406042099,0,0,0
429,14.300,0.36319077014923096,0.27853528410196304,0.03026680462062359,0,0,0
430,14.333,0.3631044328212738,0.28439389914274216,0.027166452258825302,0,0,0
431,14.367,0.3632524609565735,0.2616589479148388,0.023781388998031616,0,0,0
432,14.400,0.3634142130613327,0.26200080290436745,0.019456135109066963,0,0,0
433,14.433,0.36689136922359467,0.2659967318177223,0.013783980160951614,0,0,0
434,14.467,,, ,0,0,0
435,14.500,0.3895528316497803,0.1016513854265213,0.41198402643203735,1,0,0
436,14.533,0.3895685076713562,0.08573901653289795,0.40730544924736023,1,0,0
437,14.567,0.3914632946252823,0.07329769618809223,0.4045926034450531,1,0,0
438,14.600,0.39297668635845184,0.07793018780648708,0.39883992075920105,1,0,0
439,14.633,0.394617959856987,0.0730261541903019,0.3929886817932129,1,0,0
440,14.667,0.3945007771253586,0.07624663412570953,0.38268789649009705,1,0,0
441,14.700,0.39408867061138153,0.08409358933568001,0.37733298540115356,1,0,0
442,14.733,0.3936416953802109,0.08496089652180672,0.36496502161026,1,0,0
443,14.767,0.39130303263664246,0.07547634094953537,0.36751022934913635,1,0,0
444,14.800,0.39079493284225464,0.0945238508284092,0.3486701250076294,1,0,0
445,14.833,0.39094091951847076,0.054179077968001366,0.33171167969703674,1,0,0
446,14.867,0.39210787415504456,0.03776143956929445,0.307197630405426,1,0,0
447,14.900,0.3854869157075882,0.047886609099805355,0.30154746770858765,1,0,0
448,14.933,0.3856843560934067,0.05457236059010029,0.3093738555908203,1,0,0
449,14.967,0.38385869562625885,0.05279574170708656,0.29536738991737366,1,0,0
450,15.000,0.3818270266056061,0.04891743138432503,0.2765304744243622,1,0,0
451,15.033,0.3815574645996094,0.04921936243772507,0.2650526463985443,1,0,0
452,15.067,0.3815481513738632,0.04838685132563114,0.23572219908237457,1,0,0
453,15.100,0.3832673281431198,0.04897730238735676,0.2563638985157013,1,0,0
454,15.133,0.38382551074028015,0.04476301372051239,0.23440183699131012,1,0,0
455,15.167,0.3840908110141754,0.03598242066800594,0.21686673164367676,1,0,0
456,15.200,0.384807825088501,0.03882972709834576,0.19925671815872192,1,0,0
457,15.233,0.3850369155406952,0.042287250980734825,0.20543719828128815,1,0,0
458,15.267,0.385267898440361,0.036892601288855076,0.21057990193367004,1,0,0
459,15.300,0.3862806260585785,0.019826690666377544,0.22361314296722412,1,0,0
460,15.333,0.3869536221027374,0.018666596617549658,0.19449742138385773,1,0,0
461,15.367,0.39022089540958405,0.02005636226385832,0.20838585495948792,1,0,0
462,15.400,0.3866548538208008,0.013049745000898838,0.1978953331708908,1,0,0
463,15.433,0.3877345472574234,0.012927023926749825,0.20701195299625397,1,0,0
464,15.467,0.3823467344045639,0.019235691986978054,0.20219209790229797,1,0,0
465,15.500,0.380757674574852,0.02070324309170246,0.18201211094856262,1,0,0
466,15.533,0.38440079987049103,0.023462772369384766,0.17401349544525146,1,0,0
467,15.567,0.37887565791606903,0.029304386116564274,0.14357495307922363,1,0,0
468,15.600,0.3844849169254303,0.08791325986385345,0.15397466719150543,1,0,0
469,15.633,0.37816058099269867,0.07291557267308235,0.16555020213127136,1,0,0
470,15.667,0.38476991653442383,0.10597287490963936,0.17070379853248596,1,0,0
471,15.700,0.38595151901245117,0.09216203540563583,0.1252366155385971,0,0,0
472,15.733,0.38477177917957306,0.08951419591903687,0.1504354625940323,1,0,0
473,15.767,0.3929937332868576,0.1165209412574768,0.12990479171276093,0,0,0
474,15.800,0.39420199394226074,0.11958242580294609,0.1387469470500946,0,0,0
475,15.833,0.3930264115333557,0.11259139329195023,0.13002440333366394,0,0,0
476,15.867,0.4098753482103348,0.1776229776442051,0.11563263088464737,0,0,0
477,15.900,0.4357057809829712,0.21791387721896172,0.12034589797258377,0,0,0
478,15.933,0.4521483778953552,0.2781321778893471,0.11758323758840561,0,0,0
479,15.967,0.4369725435972214,0.20490479469299316,0.12901955842971802,0,0,0
480,16.000,0.414006844162941,0.1504037082195282,0.19511763751506805,0,0,0
481,16.033,0.42546626925468445,0.18187053687870502,0.15969301760196686,0,0,0
482,16.067,0.4381573498249054,0.20093052834272385,0.14166146516799927,0,0,0
483,16.100,0.42415474355220795,0.12462825328111649,0.1891588568687439,1,0,0
484,16.133,0.4366941601037979,0.22058209776878357,0.19193659722805023,0,0,0
485,16.167,0.43030044436454773,0.21585077047348022,0.18188321590423584,0,0,0
486,16.200,0.4637356996536255,0.28620824217796326,0.1466258466243744,0,0,0
487,16.233,0.46484194695949554,0.2603294104337692,0.16901855170726776,0,0,0
488,16.267,0.4685673117637634,0.2657248079776764,0.13733695447444916,0,0,0
489,16.300,0.4757876396179199,0.2602235674858093,0.12885303795337677,0,0,0
490,16.333,,, ,0,0,0
491,16.367,0.3875982314348221,0.07242676243185997,0.12081242352724075,0,0,0
492,16.400,0.37910428643226624,0.09815921634435654,0.11405602842569351,0,0,0
493,16.433,0.3830060064792633,0.08854719996452332,0.11613260954618454,0,0,0
494,16.467,0.3775460422039032,0.12821394950151443,0.11513541638851166,0,0,0
495,16.500,0.37479647994041443,0.16971149295568466,0.11509943008422852,0,0,0
496,16.533,0.38020749390125275,0.1928979903459549,0.1288755089044571,0,0,0
497,16.567,0.3823140561580658,0.19627346843481064,0.14484156668186188,0,0,0
498,16.600,0.38258902728557587,0.20094406604766846,0.14146332442760468,0,0,0
499,16.633,0.38432691991329193,0.21811708062887192,0.15404929220676422,0,0,0
500,16.667,0.38213732838630676,0.2238219678401947,0.17032404243946075,0,0,0
501,16.700,0.37743452191352844,0.24637074023485184,0.18233385682106018,0,0,0
502,16.733,0.3770725578069687,0.2618737816810608,0.19261185824871063,0,0,0
503,16.767,0.3776649981737137,0.2630523443222046,0.1986614316701889,0,0,0
504,16.800,0.37756015360355377,0.2728719562292099,0.20181192457675934,0,0,0
505,16.833,0.3766765594482422,0.26978272944688797,0.21608780324459076,0,0,0
506,16.867,0.37691859900951385,0.29864203929901123,0.2256992757320404,0,0,0
507,16.900,0.37955887615680695,0.31717827916145325,0.2713125944137573,0,0,0
508,16.933,,, ,0,0,0
509,16.967,0.4493047744035721,0.2114696353673935,0.24310703575611115,0,0,0
510,17.000,0.4457853138446808,0.1960296630859375,0.23036406934261322,0,0,0
511,17.033,0.451575443148613,0.2302800491452217,0.2797650098800659,0,0,0
512,17.067,0.5007179081439972,0.3506929576396942,0.25454846024513245,0,0,0
513,17.100,0.4804137349128723,0.29873184859752655,0.26459649205207825,0,0,0
514,17.133,0.4799724817276001,0.31349828839302063,0.2629260718822479,0,0,0
515,17.167,0.450858399271965,0.3271018713712692,0.2877829074859619,0,0,0
516,17.200,0.44052834808826447,0.41684551537036896,0.2773873209953308,0,0,0
517,17.233,0.45451173186302185,0.49100638926029205,0.28622308373451233,0,0,0
518,17.267,0.4250749498605728,0.4898108094930649,0.26759985089302063,0,0,0
519,17.300,0.4329935908317566,0.4969886243343353,0.3223724365234375,0,0,0
520,17.333,,, ,0,0,0
521,17.367,0.46594272553920746,0.5184278786182404,0.33271315693855286,0,0,0
522,17.400,0.46892091631889343,0.5521127283573151,0.3330329656600952,0,0,0
523,17.433,0.4834008067846298,0.5792329013347626,0.3292929530143738,0,0,0
524,17.467,,, ,0,0,0
525,17.500,,, ,0,0,0
526,17.533,0.491103932261467,0.5929652452468872,0.3380124568939209,0,0,0
527,17.567,0.4874080717563629,0.6363721489906311,0.41070133447647095,0,0,0
528,17.600,0.4861857742071152,0.629928320646286,0.392901748418808,0,0,0
529,17.633,0.4799244999885559,0.6481266915798187,0.4248899221420288,0,0,0
530,17.667,0.46532949805259705,0.6719485819339752,0.44799700379371643,0,0,0
531,17.700,0.48002102971076965,0.6959011852741241,0.4991028904914856,0,0,0
532,17.733,0.4870045781135559,0.7446549832820892,0.5095142126083374,0,0,0
533,17.767,0.498898983001709,0.7681815028190613,0.48301488161087036,0,0,0
534,17.800,0.491194486618042,0.7620245516300201,0.49712687730789185,0,0,0
535,17.833,0.4483076333999634,0.7770627439022064,0.5181483030319214,0,0,0
536,17.867,0.41888628900051117,0.2830103188753128,0.545391857624054,1,1,0
537,17.900,0.43832990527153015,0.02760437154211104,0.5623775720596313,1,0,0
538,17.933,0.4493023306131363,0.2501159831881523,0.5580538511276245,1,0,0
539,17.967,0.4366241991519928,0.03756753634661436,0.5405582785606384,1,0,0
540,18.000,0.44899648427963257,0.11787053570151329,0.5289329886436462,1,0,0
541,18.033,0.4653729945421219,0.24984681606292725,0.4959205985069275,1,0,0
542,18.067,,, ,0,0,0
543,18.100,0.5408038347959518,0.8737115859985352,-0.06233188509941101,0,0,1
544,18.133,0.5198303461074829,0.8752394914627075,-0.07389362156391144,0,0,0
545,18.167,0.5145032852888107,0.8851799964904785,-0.09493892639875412,0,0,0
546,18.200,0.520981028676033,0.8763113915920258,-0.09266644716262817,0,0,0
547,18.233,0.49774880707263947,0.8011696934700012,-0.05489824339747429,0,0,0
548,18.267,0.5010587275028229,0.8125001490116119,-0.04961136355996132,0,0,0
549,18.300,0.5034587979316711,0.8090872168540955,-0.04095553234219551,0,0,0
550,18.333,0.49304814636707306,0.8167790174484253,-0.03919398784637451,0,0,0
551,18.367,0.49218443036079407,0.829082727432251,0.0011509826872497797,0,0,0
552,18.400,0.5065263956785202,0.8208709359169006,0.018287211656570435,0,0,0
553,18.433,0.4977562725543976,0.806981086730957,0.033854398876428604,0,0,0
554,18.467,0.49262841045856476,0.8132686614990234,0.025812864303588867,0,0,0
555,18.500,0.506302073597908,0.8060721755027771,0.05567391589283943,0,0,0
556,18.533,0.5152920037508011,0.798732578754425,0.04281242936849594,0,0,0
557,18.567,0.5170821994543076,0.7561223804950714,0.047441188246011734,0,0,0
558,18.600,0.5202803909778595,0.7719942331314087,0.040308259427547455,0,0,0
559,18.633,0.5371118932962418,0.7695254981517792,0.039178114384412766,0,0,0
560,18.667,0.4966185390949249,0.7123799026012421,0.050138916820287704,0,0,0
561,18.700,0.49832935631275177,0.6746073067188263,0.051381953060626984,0,0,0
562,18.733,0.4599549323320389,0.6742975115776062,0.08366384357213974,0,0,0
563,18.767,0.4678468555212021,0.5911716222763062,0.08131329715251923,0,0,0
564,18.800,0.44151127338409424,0.6386658549308777,0.09267863631248474,0,0,0
565,18.833,0.4608966261148453,0.5690277218818665,0.10168199241161346,0,0,0
566,18.867,0.4624272584915161,0.6141869127750397,0.10732246935367584,0,0,0
567,18.900,0.5397389531135559,0.6026041507720947,0.10463385283946991,0,0,0
568,18.933,0.5546570420265198,0.5222766697406769,0.10411154478788376,0,0,0
569,18.967,0.5474059581756592,0.5717905163764954,0.07780866324901581,0,0,0
570,19.000,0.4880060851573944,0.6702633500099182,0.07788366824388504,0,0,0
571,19.033,0.49978379905223846,0.6868391036987305,0.030483312904834747,0,0,0
572,19.067,0.4359567016363144,0.6239467859268188,0.033620353788137436,0,0,0
573,19.100,0.41692250967025757,0.6512980163097382,0.032286837697029114,0,0,0
574,19.133,0.4009225070476532,0.6689943969249725,0.03247196972370148,0,0,0
575,19.167,0.37649933993816376,0.6790629625320435,0.03598184883594513,0,0,0
576,19.200,0.40801747143268585,0.6845515668392181,0.03656025975942612,0,0,0
577,19.233,0.44121895730495453,0.6676032543182373,0.04499140754342079,0,0,0
578,19.267,0.4941883981227875,0.60261669754982,0.05367377772927284,0,0,0
579,19.300,0.4993344694375992,0.5551439523696899,0.06128345802426338,0,0,0
580,19.333,0.5240220427513123,0.5775824785232544,0.07156512886285782,0,0,0
581,19.367,0.47562626004219055,0.6124379932880402,0.08005698025226593,0,0,0
582,19.400,0.50231072306633,0.6022865474224091,0.08610602468252182,0,0,0
583,19.433,0.46337538957595825,0.6971826553344727,0.08809608966112137,0,0,0
584,19.467,0.5124511867761612,0.6842321455478668,0.09356442093849182,0,0,0
585,19.500,0.41069018840789795,0.6706451773643494,0.09995289891958237,0,0,0
586,19.533,0.48496630787849426,0.6196945607662201,0.12249495834112167,0,0,0
587,19.567,0.45858028531074524,0.5778080821037292,0.13158683478832245,0,0,0
588,19.600,0.45434196293354034,0.5844090282917023,0.1302328258752823,0,0,0
589,19.633,0.46192215383052826,0.5790618658065796,0.13477812707424164,0,0,0
590,19.667,0.44542090594768524,0.595032662153244,0.1509723961353302,0,0,0
591,19.700,0.47098325192928314,0.5789892971515656,0.17497792840003967,0,0,0
592,19.733,0.5024445801973343,0.5795698463916779,0.17450661957263947,0,0,0
593,19.767,0.49393878877162933,0.5834476947784424,0.181283101439476,0,0,0
594,19.800,0.5446621775627136,0.570276528596878,0.18554620444774628,0,0,0
595,19.833,0.5309915244579315,0.5741539299488068,0.19179652631282806,0,0,0
596,19.867,0.542072981595993,0.6023515164852142,0.2145020067691803,0,0,0
597,19.900,0.5236790329217911,0.601882815361023,0.2218235433101654,0,0,0
598,19.933,0.5091897398233414,0.6322552263736725,0.23847122490406036,0,0,0
599,19.967,0.5099502205848694,0.6090120077133179,0.23204000294208527,0,0,0
600,20.000,0.5125492066144943,0.6008910834789276,0.23323959112167358,0,0,0
601,20.033,0.502067893743515,0.6084801852703094,0.2459236979484558,0,0,0
602,20.067,0.497081458568573,0.588921844959259,0.2412337362766266,0,0,0
603,20.100,0.4983558803796768,0.5354365110397339,0.2395615130662918,0,0,0
604,20.133,0.47697001695632935,0.6034062206745148,0.2364179939031601,0,0,0
605,20.167,0.4671659618616104,0.6125591099262238,0.2565750777721405,0,0,0
606,20.200,0.4757758677005768,0.5643064081668854,0.2576996386051178,0,0,0
607,20.233,0.4681093096733093,0.5644875168800354,0.2585653066635132,0,0,0
608,20.267,0.4559309035539627,0.5739256739616394,0.26494160294532776,0,0,0
609,20.300,0.45688827335834503,0.43723154067993164,0.26333871483802795,0,0,0
610,20.333,0.46660110354423523,0.6716972589492798,0.26167136430740356,0,0,0
611,20.367,0.46698352694511414,0.5795530676841736,0.25815460085868835,0,0,0
612,20.400,0.5264077186584473,0.6177559942007065,0.2645287811756134,0,0,0
613,20.433,0.5430471897125244,0.6947454810142517,0.2633236348628998,0,0,0
614,20.467,0.5151307135820389,0.6952523589134216,0.26232337951660156,0,0,0
615,20.500,0.5246568024158478,0.6472576260566711,0.2615850865840912,0,0,0
616,20.533,0.5135733187198639,0.6628492772579193,0.2610490024089813,0,0,0
617,20.567,0.5231224000453949,0.6764834821224213,0.26630499958992004,0,0,0
618,20.600,0.5209787935018539,0.7421590387821198,0.26811397075653076,0,0,0
619,20.633,0.5330656915903091,0.8649347126483917,0.2679094970226288,0,0,0
620,20.667,0.532053217291832,0.8510098159313202,0.2626808285713196,0,0,0
621,20.700,0.5243129432201385,0.8678597509860992,0.25442957878112793,0,0,0
622,20.733,0.5354172587394714,0.8633613586425781,0.2406328320503235,0,0,0
623,20.767,0.5183244943618774,0.9677791595458984,0.2493257373571396,0,0,0
624,20.800,0.527622640132904,0.9400097727775574,0.25022974610328674,0,0,0
625,20.833,0.515753984451294,0.9838960468769073,0.24909444153308868,0,0,0
626,20.867,0.5153579860925674,1.0100513994693756,0.24909360706806183,0,0,0
627,20.900,0.49049796164035797,0.9606766402721405,0.2123766988515854,0,0,0
628,20.933,0.5037056654691696,0.9800080358982086,0.1822253316640854,0,0,0
629,20.967,0.5068151503801346,0.9835609495639801,0.20966795086860657,0,0,0
630,21.000,0.49291566014289856,0.9823028445243835,0.21115879714488983,0,0,0
631,21.033,0.48979364335536957,0.9899579882621765,0.19452638924121857,0,0,0
632,21.067,0.5140372812747955,1.0016217231750488,0.19053268432617188,0,0,0
633,21.100,0.4753558337688446,0.9949879348278046,0.19009073078632355,0,0,0
634,21.133,0.48167388141155243,1.0183039605617523,0.19362518191337585,0,0,0
635,21.167,0.4612780809402466,0.9907595813274384,0.19313138723373413,0,0,0
636,21.200,0.4618334472179413,0.956304132938385,0.21084076166152954,0,0,0
637,21.233,0.5040616095066071,0.9735669791698456,0.21133166551589966,0,0,0
638,21.267,0.5014990717172623,0.9908007681369781,0.2070821076631546,0,0,0
639,21.300,0.5028440952301025,0.995023638010025,0.20563529431819916,0,0,0
640,21.333,0.5144343674182892,0.9938767850399017,0.22179463505744934,0,0,0
641,21.367,0.5080794841051102,1.0100285112857819,0.21882136166095734,0,0,0
642,21.400,0.5046477615833282,0.9994947016239166,0.2191486805677414,0,0,0
643,21.433,0.5034088492393494,0.9954648315906525,0.21623346209526062,0,0,0
644,21.467,0.5024053454399109,0.9852956533432007,0.2234569936990738,0,0,0
645,21.500,0.5025514662265778,0.987345963716507,0.23411212861537933,0,0,0
646,21.533,0.49650178849697113,0.9876143634319305,0.24522210657596588,0,0,0
647,21.567,0.49863894283771515,0.9825000464916229,0.24750111997127533,0,0,0
648,21.600,0.4813248962163925,0.987443208694458,0.2537898123264313,0,0,0
649,21.633,0.4848904609680176,0.9794933497905731,0.26324376463890076,0,0,0
650,21.667,0.48512664437294006,0.9743255972862244,0.2605503499507904,0,0,0
651,21.700,0.4651672840118408,0.9629378616809845,0.2750903367996216,0,0,0
652,21.733,0.4712163060903549,0.9690931439399719,0.27690985798835754,0,0,0
653,21.767,0.4723709970712662,0.9587292373180389,0.2856190502643585,0,0,0
654,21.800,0.47385406494140625,0.9361752271652222,0.2853139638900757,0,0,0
655,21.833,0.4853709638118744,0.9468053877353668,0.28946518898010254,0,0,0
656,21.867,0.44026385247707367,0.9049354493618011,0.288928359746933,0,0,0
657,21.900,0.4660375118255615,0.9285621047019958,0.28854724764823914,0,0,0
658,21.933,0.4729067087173462,0.9383931457996368,0.3004363775253296,0,0,0
659,21.967,0.46689531207084656,0.9269565641880035,0.30097711086273193,0,0,0
660,22.000,0.4711623787879944,0.9447589814662933,0.30612829327583313,0,0,0
661,22.033,0.4677754044532776,0.9451967179775238,0.30434781312942505,0,0,0
662,22.067,0.46406789124011993,0.9420829117298126,0.3050389289855957,0,0,0
663,22.100,0.4657668471336365,0.9447644054889679,0.30454084277153015,0,0,0
664,22.133,0.474786639213562,0.9483309388160706,0.3069552779197693,0,0,0
665,22.167,0.4746701121330261,0.9327631592750549,0.305501252412796,0,0,0
666,22.200,0.4860817641019821,0.9511725008487701,0.3050609827041626,0,0,0
667,22.233,0.4930224269628525,0.9495036602020264,0.3034682869911194,0,0,0
668,22.267,0.49098385870456696,0.9459901452064514,0.29475244879722595,0,0,0
669,22.300,0.4892924278974533,0.9503321349620819,0.28765127062797546,0,0,0
670,22.333,0.499346524477005,0.9449147582054138,0.2877003252506256,0,0,0
671,22.367,0.49958179891109467,0.9554753005504608,0.2873687446117401,0,0,0
672,22.400,0.49402865767478943,0.9523992538452148,0.2876504063606262,0,0,0
673,22.433,0.4665728509426117,0.9196805059909821,0.2672845721244812,0,0,0
674,22.467,0.45437443256378174,0.9070239961147308,0.26804319024086,0,0,0
675,22.500,0.46129411458969116,0.8927518427371979,0.2680792212486267,0,0,0
676,22.533,0.46269629895687103,0.8707487285137177,0.26830312609672546,0,0,0
677,22.567,0.4638954997062683,0.8824165761470795,0.2734445035457611,0,0,0
678,22.600,0.5071178823709488,0.9079328179359436,0.27532947063446045,0,0,0
679,22.633,0.5055122077465057,0.9066585004329681,0.2667417824268341,0,0,0
680,22.667,0.5282272845506668,0.9219011068344116,0.2682690918445587,0,0,0
681,22.700,0.4550498127937317,0.8869305849075317,0.2702857553958893,0,0,0
682,22.733,0.46637170016765594,0.8943300843238831,0.283442884683609,0,0,0
683,22.767,0.4569375813007355,0.8962996602058411,0.26562976837158203,0,0,0
684,22.800,0.49908724427223206,0.9243628978729248,0.26046809554100037,0,0,0
685,22.833,0.5064057111740112,0.9462646543979645,0.2466312050819397,0,0,0
686,22.867,0.5192651003599167,0.9557799696922302,0.24823294579982758,0,0,0
687,22.900,0.49489688873291016,0.9519168138504028,0.2503523528575897,0,0,0
688,22.933,0.4241646081209183,0.842941403388977,0.2490708827972412,0,0,0
689,22.967,0.427198126912117,0.8608765602111816,0.2501412630081177,0,0,0
690,23.000,0.44374798238277435,0.9016856551170349,0.2489890456199646,0,0,0
691,23.033,0.4488822966814041,0.891096830368042,0.2452707290649414,0,0,0
692,23.067,0.4682814031839371,0.811838686466217,0.2485455572605133,0,0,0
693,23.100,0.43641145527362823,0.7272865176200867,0.2524334788322449,0,0,0
694,23.133,0.4334648698568344,0.7914879024028778,0.2512331008911133,0,0,0
695,23.167,0.44269533455371857,0.8066930770874023,0.2391781061887741,0,0,0
696,23.200,0.42863814532756805,0.8100495636463165,0.23307012021541595,0,0,0
697,23.233,0.46075040102005005,0.8230589926242828,0.2334684282541275,0,0,0
698,23.267,0.46195365488529205,0.8128325343132019,0.23471494019031525,0,0,0
699,23.300,0.46099473536014557,0.822214275598526,0.2351575642824173,0,0,0
700,23.333,0.4611765444278717,0.8238573968410492,0.24239784479141235,0,0,0
701,23.367,0.47624292969703674,0.8617154657840729,0.24986007809638977,0,0,0
702,23.400,0.5023382008075714,0.9320092499256134,0.24988657236099243,0,0,0
703,23.433,0.4744625836610794,0.9314513802528381,0.2521299719810486,0,0,0
704,23.467,0.47349826991558075,0.9351335763931274,0.25080031156539917,0,0,0
705,23.500,0.47669222950935364,0.9317894876003265,0.248683363199234,0,0,0
706,23.533,0.5023151338100433,0.9403470456600189,0.2421887367963791,0,0,0
707,23.567,0.5035263299942017,0.9413543939590454,0.2423495203256607,0,0,0
708,23.600,0.5019744038581848,0.9141679406166077,0.24303726851940155,0,0,0
709,23.633,0.5287304669618607,0.9628186821937561,0.2533462643623352,0,0,0
710,23.667,0.5180226713418961,0.9870105385780334,0.2508654296398163,0,0,0
711,23.700,0.5083732306957245,0.9784902930259705,0.2511104643344879,0,0,0
712,23.733,0.5052772909402847,0.970097005367279,0.25110453367233276,0,0,0
713,23.767,0.5041833817958832,0.9711811244487762,0.25268247723579407,0,0,0
714,23.800,0.5025625079870224,0.9651850759983063,0.25303909182548523,0,0,0
715,23.833,0.5009576678276062,0.9299129247665405,0.25477495789527893,0,0,0
716,23.867,0.4970587193965912,0.9020379185676575,0.2547566294670105,0,0,0
717,23.900,0.5019041001796722,0.963243156671524,0.25454244017601013,0,0,0
718,23.933,0.5022015571594238,0.9661718010902405,0.25469931960105896,0,0,0
719,23.967,0.5018540024757385,0.969824343919754,0.25357702374458313,0,0,0
720,24.000,0.48538920283317566,0.9379951059818268,0.25357019901275635,0,0,0
721,24.033,0.5022038221359253,0.9481581449508667,0.25389382243156433,0,0,0
722,24.067,0.5063526481389999,0.978797972202301,0.2541515827178955,0,0,0
723,24.100,0.5110602229833603,0.970625251531601,0.25406405329704285,0,0,0
724,24.133,0.4981413036584854,0.968397319316864,0.2538754343986511,0,0,0
725,24.167,0.48775769770145416,0.9607486426830292,0.25332653522491455,0,0,0
726,24.200,0.4979751259088516,0.9390999972820282,0.2532486617565155,0,0,0
727,24.233,0.5035739094018936,0.9544322788715363,0.2530595064163208,0,0,0
728,24.267,0.5020291656255722,0.9474275708198547,0.25332993268966675,0,0,0
729,24.300,0.5042877495288849,0.9746383726596832,0.25337502360343933,0,0,0
730,24.333,0.4984746277332306,0.9736384153366089,0.25378209352493286,0,0,0
731,24.367,0.497205525636673,0.9762827455997467,0.25414037704467773,0,0,0
732,24.400,0.49625685811042786,0.9799000024795532,0.2536703050136566,0,0,0
733,24.433,0.4991859793663025,0.9881256222724915,0.2536698281764984,0,0,0